{"levels": [{"resources": "level_0.jpg", "resolved": false, "id": 0, "javab": "2K7Ysdin2KjbjA==", "thumbnail": "level_0.jpg", "type": "image"}, {"resources": "level_1.jpg", "resolved": false, "id": 1, "javab": "2b7ZhNmG2q8g2LXZiNix2KrbjA==", "thumbnail": "level_1.jpg", "type": "image"}, {"resources": "level_2.jpg", "resolved": false, "id": 2, "javab": "2KfYsdmI2b7Yp9uM24w=", "thumbnail": "level_2.jpg", "type": "image"}, {"resources": "level_3.jpg", "resolved": false, "id": 3, "javab": "2KjZhNiv2LHahtuM2YY=", "thumbnail": "level_3.jpg", "type": "image"}, {"resources": "level_4.jpg", "resolved": false, "id": 4, "javab": "2KLYrNix2b7Yp9ix2Yc=", "thumbnail": "level_4.jpg", "type": "image"}, {"resources": "level_5.jpg", "resolved": false, "id": 5, "javab": "2KfbjNmG2KzYpyDYotiu2LEg2K7Ytw==", "thumbnail": "level_5.jpg", "type": "image"}, {"resources": "level_6.jpg", "resolved": false, "id": 6, "javab": "2YXZhNi024zZhiDYoti02LrYp9mE24w=", "thumbnail": "level_6.jpg", "type": "image"}, {"resources": "level_7.jpg", "resolved": false, "id": 7, "javab": "2KLZgtin2LLYp9iv2Yc=", "thumbnail": "level_7.jpg", "type": "image"}, {"resources": "level_8.jpg", "resolved": false, "id": 8, "javab": "2b7Yp9qG2Ycg2K7ZiNin2LE=", "thumbnail": "level_8.jpg", "type": "image"}, {"resources": "level_9.jpg", "resolved": false, "id": 9, "javab": "2b7bjNqGINm+2YTbjNiz24w=", "thumbnail": "level_9.jpg", "type": "image"}, {"resources": "level_10.jpg", "resolved": false, "id": 10, "javab": "2LTYp9iz24w=", "thumbnail": "level_10.jpg", "type": "image"}, {"resources": "level_11.jpg", "resolved": false, "id": 11, "javab": "2K/ZiNmE2Kog2LHZiNit2KfZhtuM", "thumbnail": "level_11.jpg", "type": "image"}, {"resources": "level_12.jpg", "resolved": false, "id": 12, "javab": "2LTZhNuM2qk=", "thumbnail": "level_12.jpg", "type": "image"}, {"resources": "level_13.jpg", "resolved": false, "id": 13, "javab": "2YLZiNi324w=", "thumbnail": "level_13.jpg", "type": "image"}, {"resources": "level_14.jpg", "resolved": false, "id": 14, "javab": "2LTZgtin24zZgg==", "thumbnail": "level_14.jpg", "type": "image"}, {"resources": "level_15.jpg", "resolved": false, "id": 15, "javab": "2KLZhdin2LEg2K/Yp9iv2YY=", "thumbnail": "level_15.jpg", "type": "image"}, {"resources": "level_16.jpg", "resolved": false, "id": 16, "javab": "2q/ZhNm+2KfbjNqv2KfZhg==", "thumbnail": "level_16.jpg", "type": "image"}, {"resources": "level_17.jpg", "resolved": false, "id": 17, "javab": "2LPYsduM2KfZhA==", "thumbnail": "level_17.jpg", "type": "image"}, {"resources": "level_18.jpg", "resolved": false, "id": 18, "javab": "2LTZhNmHINiy2LHYrw==", "thumbnail": "level_18.jpg", "type": "image"}, {"resources": "level_19.jpg", "resolved": false, "id": 19, "javab": "2KzYp9mE2Kg=", "thumbnail": "level_19.jpg", "type": "image"}, {"resources": "level_20.jpg", "resolved": false, "id": 20, "javab": "2LfYp9uM2YHZhw==", "thumbnail": "level_20.jpg", "type": "image"}, {"resources": "level_21.jpg", "resolved": false, "id": 21, "javab": "2KLYrtixINqp2KfYsduM", "thumbnail": "level_21.jpg", "type": "image"}, {"resources": "level_22.jpg", "resolved": false, "id": 22, "javab": "2KfYqtmIINqp2LTbjNiv2Yc=", "thumbnail": "level_22.jpg", "type": "image"}, {"resources": "level_23.jpg", "resolved": false, "id": 23, "javab": "2K/YsdmH2YUg2KjYsdmH2YU=", "thumbnail": "level_23.jpg", "type": "image"}, {"resources": "level_24.jpg", "resolved": false, "id": 24, "javab": "2obYp9ix2YTbjCDahtin2b7ZhNuM2YY=", "thumbnail": "level_24.jpg", "type": "image"}, {"resources": "level_25.jpg", "resolved": false, "id": 25, "javab": "2KjbjNqp2YTYp9iz", "thumbnail": "level_25.jpg", "type": "image"}, {"resources": "level_26.jpg", "resolved": false, "id": 26, "javab": "2K/ZiNixINiv2Ygg2YHYsdmF2KfZhg==", "thumbnail": "level_26.jpg", "type": "image"}, {"resources": "level_27.jpg", "resolved": false, "id": 27, "javab": "2KjZiNmB2KfZhNmI", "thumbnail": "level_27.jpg", "type": "image"}, {"resources": "level_28.jpg", "resolved": false, "id": 28, "javab": "2K/ZhtuM2Kcg2K/Yp9ix2Ycg2K/ZiNixL9iz2LHZhSDZhduM2obYsdiu2Yc=", "thumbnail": "level_28.jpg", "type": "image"}, {"resources": "level_29.jpg", "resolved": false, "id": 29, "javab": "2b7bjNqp2KfZhg==", "thumbnail": "level_29.jpg", "type": "image"}, {"resources": "level_30.jpg", "resolved": false, "id": 30, "javab": "2q/Ysdiv2YfZhdin24zbjA==", "thumbnail": "level_30.jpg", "type": "image"}, {"resources": "level_31.jpg", "resolved": false, "id": 31, "javab": "2LPYp9iz2KfZhg==", "thumbnail": "level_31.jpg", "type": "image"}, {"resources": "level_32.jpg", "resolved": false, "id": 32, "javab": "2YXYp9iq24zYsg==", "thumbnail": "level_32.jpg", "type": "image"}, {"resources": "level_33.jpg", "resolved": false, "id": 33, "javab": "2q/bjNixINiz2Ycg2b7bjNqG", "thumbnail": "level_33.jpg", "type": "image"}, {"resources": "level_34.jpg", "resolved": false, "id": 34, "javab": "2YHYsdmF2KfZhtiv2Ycg2KzZhtqv", "thumbnail": "level_34.jpg", "type": "image"}, {"resources": "level_35.jpg", "resolved": false, "id": 35, "javab": "2KjYqtmI2YQ=", "thumbnail": "level_35.jpg", "type": "image"}, {"resources": "level_36.jpg", "resolved": false, "id": 36, "javab": "2KjYp9iv2KjYstmG", "thumbnail": "level_36.jpg", "type": "image"}, {"resources": "level_37.jpg", "resolved": false, "id": 37, "javab": "2YXYstin2K3Zhdiq", "thumbnail": "level_37.jpg", "type": "image"}, {"resources": "level_38.jpg", "resolved": false, "id": 38, "javab": "2KjZhyDYr9ix2K8g2KjYrtmI2LE=", "thumbnail": "level_38.jpg", "type": "image"}, {"resources": "level_39.jpg", "resolved": false, "id": 39, "javab": "2KjZiNmBINqp2YjYsQ==", "thumbnail": "level_39.jpg", "type": "image"}, {"resources": "level_40.jpg", "resolved": false, "id": 40, "javab": "2KrZhdin2LMg2KfYsi/Yr9iz2Kog2LHZgdiq2Yc=", "thumbnail": "level_40.jpg", "type": "image"}, {"resources": "level_41.jpg", "resolved": false, "id": 41, "javab": "2KjYp9iy2KjbjNmG24w=", "thumbnail": "level_41.jpg", "type": "image"}, {"resources": "level_42.jpg", "resolved": false, "id": 42, "javab": "2YXYsNin2qnYsdin2Kog2YfYs9iq2Ycg2KfbjA==", "thumbnail": "level_42.jpg", "type": "image"}, {"resources": "level_43.jpg", "resolved": false, "id": 43, "javab": "2KjYsdin2K/Ysdin2YY=", "thumbnail": "level_43.jpg", "type": "image"}, {"resources": "level_44.jpg", "resolved": false, "id": 44, "javab": "2KjYp9mE2Lnaqdiz", "thumbnail": "level_44.jpg", "type": "image"}, {"resources": "level_45.jpg", "resolved": false, "id": 45, "javab": "2LfZiNmB2KfZhtuM", "thumbnail": "level_45.jpg", "type": "image"}, {"resources": "level_46.jpg", "resolved": false, "id": 46, "javab": "2YXZhtin2LPYqNiq", "thumbnail": "level_46.jpg", "type": "image"}, {"resources": "level_47.jpg", "resolved": false, "id": 47, "javab": "2KfZgdix2KfYryDYs9ix2LTZhtin2LM=", "thumbnail": "level_47.jpg", "type": "image"}, {"resources": "level_48.jpg", "resolved": false, "id": 48, "javab": "2KLZhdm+2LEg2obYs9io2KfZhtiv2YY=", "thumbnail": "level_48.jpg", "type": "image"}, {"resources": "level_49.jpg", "resolved": false, "id": 49, "javab": "2b7Zhdm+INi02YbYp9mI2LE=", "thumbnail": "level_49.jpg", "type": "image"}, {"resources": "level_50.jpg", "resolved": false, "id": 50, "javab": "2K7YqNix2obbjNmG", "thumbnail": "level_50.jpg", "type": "image"}, {"resources": "level_51.jpg", "resolved": false, "id": 51, "javab": "2K/YsdivINqp2LTbjNiv", "thumbnail": "level_51.jpg", "type": "image"}, {"resources": "level_52.jpg", "resolved": false, "id": 52, "javab": "2obZhyDahtuM2LLbjA==", "thumbnail": "level_52.jpg", "type": "image"}, {"resources": "level_53.jpg", "resolved": false, "id": 53, "javab": "2Ybaqdiq2Ycg2KfZhtit2LHYp9mB24w=", "thumbnail": "level_53.jpg", "type": "image"}, {"resources": "level_54.jpg", "resolved": false, "id": 54, "javab": "2K7Ysdin2KjbjCDYqNmHINio2KfYsS/YotmI2LHYr9mG", "thumbnail": "level_54.jpg", "type": "image"}, {"resources": "level_55.jpg", "resolved": false, "id": 55, "javab": "2KjYp9ixINix2YjYp9mG24w=", "thumbnail": "level_55.jpg", "type": "image"}, {"resources": "level_56.jpg", "resolved": false, "id": 56, "javab": "2qnYsdmFINqp2YbYrNiv24w=", "thumbnail": "level_56.jpg", "type": "image"}, {"resources": "level_57.jpg", "resolved": false, "id": 57, "javab": "2KjbjNmF2YjYsdiv", "thumbnail": "level_57.jpg", "type": "image"}, {"resources": "level_58.jpg", "resolved": false, "id": 58, "javab": "2KfYsiDYr9iz2KrZhS/Yr9ixINix2YHYqg==", "thumbnail": "level_58.jpg", "type": "image"}, {"resources": "level_59.jpg", "resolved": false, "id": 59, "javab": "2KzYp9mF2Ycg2LnZhdmEL9m+2YjYtNin2YbYr9mG", "thumbnail": "level_59.jpg", "type": "image"}, {"resources": "level_60.jpg", "resolved": false, "id": 60, "javab": "2qnYp9ixINiv2LPYqtmF2KfZhi/Yr9in2K/bjA==", "thumbnail": "level_60.jpg", "type": "image"}, {"resources": "level_61.jpg", "resolved": false, "id": 61, "javab": "2KfYqCDZh9mF2Ycg2KzYpyAv2KjbjCDYrtio2LE=", "thumbnail": "level_61.jpg", "type": "image"}, {"resources": "level_62.jpg", "resolved": false, "id": 62, "javab": "2qnZhtqv2LHZhyDYqtin2LHbjNiu24w=", "thumbnail": "level_62.jpg", "type": "image"}, {"resources": "level_63.jpg", "resolved": false, "id": 63, "javab": "2YLYsdmI2YYg2YjYs9i324w=", "thumbnail": "level_63.jpg", "type": "image"}, {"resources": "level_64.jpg", "resolved": false, "id": 64, "javab": "2LPYp9iu2KrZhdin2YYv2K/Yp9iv2Ycg2YfYpw==", "thumbnail": "level_64.jpg", "type": "image"}]}