{"levels": [{"javab": "2K7Ysdin2KjbjA==", "id": 0, "thumbnail": "level_0.jpg", "resolved": false, "resources": "level_0.jpg", "type": "image"}, {"javab": "2b7ZhNmG2q8g2LXZiNix2KrbjA==", "id": 1, "thumbnail": "level_1.jpg", "resolved": false, "resources": "level_1.jpg", "type": "image"}, {"javab": "2KjYp9ix2LI=", "id": 2, "thumbnail": "level_2.jpg", "resolved": false, "resources": "level_2.jpg", "type": "image"}, {"javab": "2KjZhNiv2LHahtuM2YY=", "id": 3, "thumbnail": "level_3.jpg", "resolved": false, "resources": "level_3.jpg", "type": "image"}, {"javab": "2KLYrNix2b7Yp9ix2Yc=", "id": 4, "thumbnail": "level_4.jpg", "resolved": false, "resources": "level_4.jpg", "type": "image"}, {"javab": "2KfbjNmG2KzYpyDYotiu2LEg2K7Ytw==", "id": 5, "thumbnail": "level_5.jpg", "resolved": false, "resources": "level_5.jpg", "type": "image"}, {"javab": "2YXYp9i024zZhiDYoti02LrYp9mE24w=", "id": 6, "thumbnail": "level_6.jpg", "resolved": false, "resources": "level_6.jpg", "type": "image"}, {"javab": "2KLZgtin2LLYp9iv2Yc=", "id": 7, "thumbnail": "level_7.jpg", "resolved": false, "resources": "level_7.jpg", "type": "image"}, {"javab": "2b7Yp9qG2Ycg2K7ZiNin2LE=", "id": 8, "thumbnail": "level_8.jpg", "resolved": false, "resources": "level_8.jpg", "type": "image"}, {"javab": "2b7bjNqGINm+2YTbjNiz24w=", "id": 9, "thumbnail": "level_9.jpg", "resolved": false, "resources": "level_9.jpg", "type": "image"}, {"javab": "2LTYp9iz24w=", "id": 10, "thumbnail": "level_10.jpg", "resolved": false, "resources": "level_10.jpg", "type": "image"}, {"javab": "2K/ZiNmE2Kog2LHZiNit2KfZhtuM", "id": 11, "thumbnail": "level_11.jpg", "resolved": false, "resources": "level_11.jpg", "type": "image"}, {"javab": "2LTZhNuM2qk=", "id": 12, "thumbnail": "level_12.jpg", "resolved": false, "resources": "level_12.jpg", "type": "image"}, {"javab": "2YLZiNi324w=", "id": 13, "thumbnail": "level_13.jpg", "resolved": false, "resources": "level_13.jpg", "type": "image"}, {"javab": "2LTZgtin24zZgg==", "id": 14, "thumbnail": "level_14.jpg", "resolved": false, "resources": "level_14.jpg", "type": "image"}, {"javab": "2KLZhdin2LEg2K/Yp9iv2YY=", "id": 15, "thumbnail": "level_15.jpg", "resolved": false, "resources": "level_15.jpg", "type": "image"}, {"javab": "2q/ZhNm+2KfbjNqv2KfZhg==", "id": 16, "thumbnail": "level_16.jpg", "resolved": false, "resources": "level_16.jpg", "type": "image"}, {"javab": "2LPYsduM2KfZhA==", "id": 17, "thumbnail": "level_17.jpg", "resolved": false, "resources": "level_17.jpg", "type": "image"}, {"javab": "2LTZhNmHINiy2LHYrw==", "id": 18, "thumbnail": "level_18.jpg", "resolved": false, "resources": "level_18.jpg", "type": "image"}, {"javab": "2KzYp9mE2Kg=", "id": 19, "thumbnail": "level_19.jpg", "resolved": false, "resources": "level_19.jpg", "type": "image"}, {"javab": "2LfYp9uM2YHZhw==", "id": 20, "thumbnail": "level_20.jpg", "resolved": false, "resources": "level_20.jpg", "type": "image"}, {"javab": "2KLYrtixINqp2KfYsduM", "id": 21, "thumbnail": "level_21.jpg", "resolved": false, "resources": "level_21.jpg", "type": "image"}, {"javab": "2KfYqtmIINqp2LTbjNiv2Yc=", "id": 22, "thumbnail": "level_22.jpg", "resolved": false, "resources": "level_22.jpg", "type": "image"}, {"javab": "2KjYs9mHINiv24zar9mH", "id": 23, "thumbnail": "level_23.jpg", "resolved": false, "resources": "level_23.jpg", "type": "image"}, {"javab": "2K/YsdmH2YUg2KjYsdmH2YU=", "id": 24, "thumbnail": "level_24.jpg", "resolved": false, "resources": "level_24.jpg", "type": "image"}, {"javab": "2KjbjNqp2YTYp9iz", "id": 25, "thumbnail": "level_25.jpg", "resolved": false, "resources": "level_25.jpg", "type": "image"}, {"javab": "2K/ZiNixINiv2Ygg2YHYsdmF2KfZhg==", "id": 26, "thumbnail": "level_26.jpg", "resolved": false, "resources": "level_26.jpg", "type": "image"}, {"javab": "2KjZiNmB2KfZhNmI", "id": 27, "thumbnail": "level_27.jpg", "resolved": false, "resources": "level_27.jpg", "type": "image"}, {"javab": "2K/ZhtuM2Kcg2K/Yp9ix2Ycg2K/ZiNixL9iz2LHZhSDZhduM2obYsdiu2Yc=", "id": 28, "thumbnail": "level_28.jpg", "resolved": false, "resources": "level_28.jpg", "type": "image"}, {"javab": "2b7bjNqp2KfZhg==", "id": 29, "thumbnail": "level_29.jpg", "resolved": false, "resources": "level_29.jpg", "type": "image"}, {"javab": "2q/Ysdiv2YfZhdin24zbjA==", "id": 30, "thumbnail": "level_30.jpg", "resolved": false, "resources": "level_30.jpg", "type": "image"}, {"javab": "2LPYp9iz2KfZhg==", "id": 31, "thumbnail": "level_31.jpg", "resolved": false, "resources": "level_31.jpg", "type": "image"}, {"javab": "2YXYp9iq24zYsg==", "id": 32, "thumbnail": "level_32.jpg", "resolved": false, "resources": "level_32.jpg", "type": "image"}, {"javab": "2q/bjNixINiz2Ycg2b7bjNqG", "id": 33, "thumbnail": "level_33.jpg", "resolved": false, "resources": "level_33.jpg", "type": "image"}, {"javab": "2YHYsdmF2KfZhtiv2Ycg2KzZhtqv", "id": 34, "thumbnail": "level_34.jpg", "resolved": false, "resources": "level_34.jpg", "type": "image"}, {"javab": "2KjYqtmI2YQ=", "id": 35, "thumbnail": "level_35.jpg", "resolved": false, "resources": "level_35.jpg", "type": "image"}, {"javab": "2KjYp9iv2KjYstmG", "id": 36, "thumbnail": "level_36.jpg", "resolved": false, "resources": "level_36.jpg", "type": "image"}, {"javab": "2YXYstin2K3Zhdiq", "id": 37, "thumbnail": "level_37.jpg", "resolved": false, "resources": "level_37.jpg", "type": "image"}, {"javab": "2YXYrtiv2YjYtA==", "id": 38, "thumbnail": "level_38.jpg", "resolved": false, "resources": "level_38.jpg", "type": "image"}, {"javab": "2KjZiNmBINqp2YjYsQ==", "id": 39, "thumbnail": "level_39.jpg", "resolved": false, "resources": "level_39.jpg", "type": "image"}, {"javab": "2KrZhdin2LMg2KfYsi/Yr9iz2Kog2LHZgdiq2Yc=", "id": 40, "thumbnail": "level_40.jpg", "resolved": false, "resources": "level_40.jpg", "type": "image"}, {"javab": "2KjYp9iy2KjbjNmG24w=", "id": 41, "thumbnail": "level_41.jpg", "resolved": false, "resources": "level_41.jpg", "type": "image"}, {"javab": "2YXYsNin2qnYsdin2Kov2YfYs9iq2Ycg2KfbjA==", "id": 42, "thumbnail": "level_42.jpg", "resolved": false, "resources": "level_42.jpg", "type": "image"}, {"javab": "2KjYsdin2K/Ysdin2YY=", "id": 43, "thumbnail": "level_43.jpg", "resolved": false, "resources": "level_43.jpg", "type": "image"}, {"javab": "2KjYp9mE2Lnaqdiz", "id": 44, "thumbnail": "level_44.jpg", "resolved": false, "resources": "level_44.jpg", "type": "image"}, {"javab": "2LfZiNmB2KfZhtuM", "id": 45, "thumbnail": "level_45.jpg", "resolved": false, "resources": "level_45.jpg", "type": "image"}, {"javab": "2YXZhtin2LPYqNiq", "id": 46, "thumbnail": "level_46.jpg", "resolved": false, "resources": "level_46.jpg", "type": "image"}, {"javab": "2K7ZiNi02K3Yp9mEINmF24zYtNmF", "id": 47, "thumbnail": "level_47.jpg", "resolved": false, "resources": "level_47.jpg", "type": "image"}, {"javab": "2KLZhdm+2LEg2obYs9io2KfZhtiv2YY=", "id": 48, "thumbnail": "level_48.jpg", "resolved": false, "resources": "level_48.jpg", "type": "image"}, {"javab": "2b7Zhdm+INi02YbYp9mI2LE=", "id": 49, "thumbnail": "level_49.jpg", "resolved": false, "resources": "level_49.jpg", "type": "image"}, {"javab": "2K7YqNix2obbjNmG", "id": 50, "thumbnail": "level_50.jpg", "resolved": false, "resources": "level_50.jpg", "type": "image"}, {"javab": "2K/YsdivINqp2LTbjNiv", "id": 51, "thumbnail": "level_51.jpg", "resolved": false, "resources": "level_51.jpg", "type": "image"}, {"javab": "2obZhyDahtuM2LLbjA==", "id": 52, "thumbnail": "level_52.jpg", "resolved": false, "resources": "level_52.jpg", "type": "image"}, {"javab": "2Ybaqdiq2Ycg2KfZhtit2LHYp9mB24w=", "id": 53, "thumbnail": "level_53.jpg", "resolved": false, "resources": "level_53.jpg", "type": "image"}, {"javab": "2K7Ysdin2KjbjCDYqNmHINio2KfYsS/YotmI2LHYr9mG", "id": 54, "thumbnail": "level_54.jpg", "resolved": false, "resources": "level_54.jpg", "type": "image"}, {"javab": "2KjYp9ixINix2YjYp9mG24w=", "id": 55, "thumbnail": "level_55.jpg", "resolved": false, "resources": "level_55.jpg", "type": "image"}, {"javab": "2qnYsdmFINqp2YbYrNiv24w=", "id": 56, "thumbnail": "level_56.jpg", "resolved": false, "resources": "level_56.jpg", "type": "image"}, {"javab": "2KjbjNmF2YjYsdiv", "id": 57, "thumbnail": "level_57.jpg", "resolved": false, "resources": "level_57.jpg", "type": "image"}, {"javab": "2KfYsiDYr9iz2KrZhS/Yr9ixINix2YHYqg==", "id": 58, "thumbnail": "level_58.jpg", "resolved": false, "resources": "level_58.jpg", "type": "image"}, {"javab": "2KzYp9mF2Ycg2LnZhdmEL9m+2YjYtNin2YbYr9mG", "id": 59, "thumbnail": "level_59.jpg", "resolved": false, "resources": "level_59.jpg", "type": "image"}, {"javab": "2qnYp9ixINiv2LPYqtmF2KfZhi/Yr9in2K/bjA==", "id": 60, "thumbnail": "level_60.jpg", "resolved": false, "resources": "level_60.jpg", "type": "image"}, {"javab": "2KfYsiDZh9mF2Ycg2KzYpyAv2KjbjCDYrtio2LE=", "id": 61, "thumbnail": "level_61.jpg", "resolved": false, "resources": "level_61.jpg", "type": "image"}, {"javab": "2qnZhtqv2LHZhyDYqtin2LHbjNiu24w=", "id": 62, "thumbnail": "level_62.jpg", "resolved": false, "resources": "level_62.jpg", "type": "image"}, {"javab": "2YLYsdmI2YYg2YjYs9i324w=", "id": 63, "thumbnail": "level_63.jpg", "resolved": false, "resources": "level_63.jpg", "type": "image"}]}