{

  "levels": [
    {
      "id": 0,
      "javab": "2LHZhtqv24zZhiDaqdmF2KfZhg==",
      "resolved": false,
      "resources": "level_0.jpg",
      "thumbnail": "level_0.jpg",
      "type": "image"
    },
    {
      "id": 1,
      "javab": "2K/ZiNmF24zZhtmI",
      "resolved": false,
      "resources": "level_1.jpg",
      "thumbnail": "level_1.jpg",
      "type": "image"
    },
    {
      "id": 2,
      "javab": "2b7Yr9in2YQ=",
      "resolved": false,
      "resources": "level_2.jpg",
      "thumbnail": "level_2.jpg",
      "type": "image"
    },
    {
      "id": 3,
      "javab": "2LPYqtin2LHZhw==",
      "resolved": false,
      "resources": "level_3.jpg",
      "thumbnail": "level_3.jpg",
      "type": "image"
    },
    {
      "id": 4,
      "javab": "2YbbjNix2Ybarw==",
      "resolved": false,
      "resources": "level_4.jpg",
      "thumbnail": "level_4.jpg",
      "type": "image"
    },
    {
      "id": 5,
      "javab": "2LHYqNin2Lc=",
      "resolved": false,
      "resources": "level_5.jpg",
      "thumbnail": "level_5.jpg",
      "type": "image"
    },
    {
      "id": 6,
      "javab": "2b7bjNqGINqv2YjYtNiq24w=",
      "resolved": false,
      "resources": "level_6.jpg",
      "thumbnail": "level_6.jpg",
      "type": "image"
    },
    {
      "id": 7,
      "javab": "2K/Ys9iqINin2YbYr9in2LI=",
      "resolved": false,
      "resources": "level_7.jpg",
      "thumbnail": "level_7.jpg",
      "type": "image"
    },
    {
      "id": 8,
      "javab": "2YHYr9in2Ko=",
      "resolved": false,
      "resources": "level_8.jpg",
      "thumbnail": "level_8.jpg",
      "type": "image"
    },
    {
      "id": 9,
      "javab": "2KLYs9mF2YjZhg==",
      "resolved": false,
      "resources": "level_9.jpg",
      "thumbnail": "level_9.jpg",
      "type": "image"
    },
    {
      "id": 10,
      "javab": "2obYp9mC2Yjaqdi0",
      "resolved": false,
      "resources": "level_10.jpg",
      "thumbnail": "level_10.jpg",
      "type": "image"
    },
    {
      "id": 11,
      "javab": "2K/Yp9ix2obbjNmG",
      "resolved": false,
      "resources": "level_11.jpg",
      "thumbnail": "level_11.jpg",
      "type": "image"
    },
    {
      "id": 12,
      "javab": "2YbZgtin2Lcg2LbYudmB",
      "resolved": false,
      "resources": "level_12.jpg",
      "thumbnail": "level_12.jpg",
      "type": "image"
    },
    {
      "id": 13,
      "javab": "2KrYp9izINqp2KjYp9io",
      "resolved": false,
      "resources": "level_13.jpg",
      "thumbnail": "level_13.jpg",
      "type": "image"
    },
    {
      "id": 14,
      "javab": "2KfYqtmI2KjZiNiz",
      "resolved": false,
      "resources": "level_14.jpg",
      "thumbnail": "level_14.jpg",
      "type": "image"
    },
    {
      "id": 15,
      "javab": "2LLYrtmFINiy2KjYp9mG",
      "resolved": false,
      "resources": "level_15.jpg",
      "thumbnail": "level_15.jpg",
      "type": "image"
    },
    {
      "id": 16,
      "javab": "2YTbjNmI2KfZhg==",
      "resolved": false,
      "resources": "level_16.jpg",
      "thumbnail": "level_16.jpg",
      "type": "image"
    },
    {
      "id": 17,
      "javab": "2LPbjNix2KfYqNuM",
      "resolved": false,
      "resources": "level_17.jpg",
      "thumbnail": "level_17.jpg",
      "type": "image"
    },
    {
      "id": 18,
      "javab": "2LTbjNqpINm+2YjYtA==",
      "resolved": false,
      "resources": "level_18.jpg",
      "thumbnail": "level_18.jpg",
      "type": "image"
    },
    {
      "id": 19,
      "javab": "2KjZhNmG2K/ar9mI",
      "resolved": false,
      "resources": "level_19.jpg",
      "thumbnail": "level_19.jpg",
      "type": "image"
    },
    {
      "id": 20,
      "javab": "2LPbjNin2KrbjNqp",
      "resolved": false,
      "resources": "level_20.jpg",
      "thumbnail": "level_20.jpg",
      "type": "image"
    },
    {
      "id": 21,
      "javab": "2LPYqtin24zYtA==",
      "resolved": false,
      "resources": "level_21.jpg",
      "thumbnail": "level_21.jpg",
      "type": "image"
    },
    {
      "id": 22,
      "javab": "2KjZhdio2KfYsdin2YY=",
      "resolved": false,
      "resources": "level_22.jpg",
      "thumbnail": "level_22.jpg",
      "type": "image"
    },
    {
      "id": 23,
      "javab": "2LTbjNixINiq2Ygg2LTbjNix",
      "resolved": false,
      "resources": "level_23.jpg",
      "thumbnail": "level_23.jpg",
      "type": "image"
    },
    {
      "id": 24,
      "javab": "2LPbjNiy2K/ZhyDYqNmHINiv2LE=",
      "resolved": false,
      "resources": "level_24.jpg",
      "thumbnail": "level_24.jpg",
      "type": "image"
    },
    {
      "id": 25,
      "javab": "2KjbjCDYqNix2Ygg2KjYsdqv2LHYrw==",
      "resolved": false,
      "resources": "level_25.jpg",
      "thumbnail": "level_25.jpg",
      "type": "image"
    },
    {
      "id": 26,
      "javab": "2KrYrtmF2Ycu2KLZgdiq2KfYqNqv2LHYr9in2YY=",
      "resolved": false,
      "resources": "level_26.jpg",
      "thumbnail": "level_26.jpg",
      "type": "image"
    },
    {
      "id": 27,
      "javab": "2KrYrtiq2Ycg2LPbjNin2Yc=",
      "resolved": false,
      "resources": "level_27.jpg",
      "thumbnail": "level_27.jpg",
      "type": "image"
    },
    {
      "id": 28,
      "javab": "2b7YsdmI2KrZiNmG",
      "resolved": false,
      "resources": "level_28.jpg",
      "thumbnail": "level_28.jpg",
      "type": "image"
    },
    {
      "id": 29,
      "javab": "2K7bjNin2LEg2YLZhNmF24w=",
      "resolved": false,
      "resources": "level_29.jpg",
      "thumbnail": "level_29.jpg",
      "type": "image"
    },
    {
      "id": 30,
      "javab": "2LPYsdm+2LHYs9iq",
      "resolved": false,
      "resources": "level_30.jpg",
      "thumbnail": "level_30.jpg",
      "type": "image"
    },
    {
      "id": 31,
      "javab": "2YXZhti42YjYsQ==",
      "resolved": false,
      "resources": "level_31.jpg",
      "thumbnail": "level_31.jpg",
      "type": "image"
    },
    {
      "id": 32,
      "javab": "2YXYq9io2Ko=",
      "resolved": false,
      "resources": "level_32.jpg",
      "thumbnail": "level_32.jpg",
      "type": "image"
    },
    {
      "id": 33,
      "javab": "2KrZhtuM2LM=",
      "resolved": false,
      "resources": "level_33.jpg",
      "thumbnail": "level_33.jpg",
      "type": "image"
    },
    {
      "id": 34,
      "javab": "2LTYp9m+2YjYsQ==",
      "resolved": false,
      "resources": "level_34.jpg",
      "thumbnail": "level_34.jpg",
      "type": "image"
    },
    {
      "id": 35,
      "javab": "2KfYsiDYs9it2LHbjCDYqtinLtin2YHYt9in2LEg2YXbjNiu2YjYsdmF",
      "resolved": false,
      "resources": "level_35.jpg",
      "thumbnail": "level_35.jpg",
      "type": "image"
    },
    {
      "id": 36,
      "javab": "24zYrtmF2qk=",
      "resolved": false,
      "resources": "level_36.jpg",
      "thumbnail": "level_36.jpg",
      "type": "image"
    },
    {
      "id": 37,
      "javab": "2KjZhtmE2KfYr9mG",
      "resolved": false,
      "resources": "level_37.jpg",
      "thumbnail": "level_37.jpg",
      "type": "image"
    },
    {
      "id": 38,
      "javab": "2KzZh9in2YYg2KjbjNmG24w=",
      "resolved": false,
      "resources": "level_38.jpg",
      "thumbnail": "level_38.jpg",
      "type": "image"
    },
    {
      "id": 39,
      "javab": "2obbjNmGINmIINqG2LHZiNqp",
      "resolved": false,
      "resources": "level_39.jpg",
      "thumbnail": "level_39.jpg",
      "type": "image"
    },
    {
      "id": 40,
      "javab": "2LPYp9qp2LPbjNmB2YjZhg==",
      "resolved": false,
      "resources": "level_40.jpg",
      "thumbnail": "level_40.jpg",
      "type": "image"
    },
    {
      "id": 41,
      "javab": "2LPYsdi024zYsQ==",
      "resolved": false,
      "resources": "level_41.jpg",
      "thumbnail": "level_41.jpg",
      "type": "image"
    },
    {
      "id": 42,
      "javab": "2KfYs9qp24zZhdmI",
      "resolved": false,
      "resources": "level_42.jpg",
      "thumbnail": "level_42.jpg",
      "type": "image"
    },
    {
      "id": 43,
      "javab": "2LnYp9io2K/bjNmG24w=",
      "resolved": false,
      "resources": "level_43.jpg",
      "thumbnail": "level_43.jpg",
      "type": "image"
    },
    {
      "id": 44,
      "javab": "2YXYp9iq2LHbjNqp2LM=",
      "resolved": false,
      "resources": "level_44.jpg",
      "thumbnail": "level_44.jpg",
      "type": "image"
    },
    {
      "id": 45,
      "javab": "2q/ZhNin2KjbjA==",
      "resolved": false,
      "resources": "level_45.jpg",
      "thumbnail": "level_45.jpg",
      "type": "image"
    },
    {
      "id": 46,
      "javab": "2LfZiNi324w=",
      "resolved": false,
      "resources": "level_46.jpg",
      "thumbnail": "level_46.jpg",
      "type": "image"
    },
    {
      "id": 47,
      "javab": "2YXZiNis2YjYr9uM",
      "resolved": false,
      "resources": "level_47.jpg",
      "thumbnail": "level_47.jpg",
      "type": "image"
    },
    {
      "id": 48,
      "javab": "2KjYqtin2K/bjNmG",
      "resolved": false,
      "resources": "level_48.jpg",
      "thumbnail": "level_48.jpg",
      "type": "image"
    },
    {
      "id": 49,
      "javab": "2LPYp9mG2KrYp9mB2Yc=",
      "resolved": false,
      "resources": "level_49.jpg",
      "thumbnail": "level_49.jpg",
      "type": "image"
    },
    {
      "id": 50,
      "javab": "24zZiNmG2KfZhg==",
      "resolved": false,
      "resources": "level_50.jpg",
      "thumbnail": "level_50.jpg",
      "type": "image"
    },
    {
      "id": 51,
      "javab": "2LPYsdix2LPbjNiv",
      "resolved": false,
      "resources": "level_51.jpg",
      "thumbnail": "level_51.jpg",
      "type": "image"
    },
    {
      "id": 52,
      "javab": "2K7bjNin2LEg2YXYrNmE2LPbjA==",
      "resolved": false,
      "resources": "level_52.jpg",
      "thumbnail": "level_52.jpg",
      "type": "image"
    },
    {
      "id": 53,
      "javab": "2YXZiNiy2YXYp9ix",
      "resolved": false,
      "resources": "level_53.jpg",
      "thumbnail": "level_53.jpg",
      "type": "image"
    },
    {
      "id": 54,
      "javab": "2q/ZhCDar9in2YjYstio2KfZhg==",
      "resolved": false,
      "resources": "level_54.jpg",
      "thumbnail": "level_54.jpg",
      "type": "image"
    },
    {
      "id": 55,
      "javab": "2YbZiNqp24zYpw==",
      "resolved": false,
      "resources": "level_55.jpg",
      "thumbnail": "level_55.jpg",
      "type": "image"
    },
    {
      "id": 56,
      "javab": "2KfYs9iq2YbYqtin2Kw=",
      "resolved": false,
      "resources": "level_56.jpg",
      "thumbnail": "level_56.jpg",
      "type": "image"
    },
    {
      "id": 57,
      "javab": "2b7Ysdiq2YLYp9mE",
      "resolved": false,
      "resources": "level_57.jpg",
      "thumbnail": "level_57.jpg",
      "type": "image"
    },
    {
      "id": 58,
      "javab": "2KLYqNqv2LHZhdqp2YY=",
      "resolved": false,
      "resources": "level_58.jpg",
      "thumbnail": "level_58.jpg",
      "type": "image"
    },
    {
      "id": 59,
      "javab": "2KjbjNqp2KfYsduM",
      "resolved": false,
      "resources": "level_59.jpg",
      "thumbnail": "level_59.jpg",
      "type": "image"
    },
    {
      "id": 60,
      "javab": "2K/Yp9mI2LfZhNio2KfZhg==",
      "resolved": false,
      "resources": "level_60.jpg",
      "thumbnail": "level_60.jpg",
      "type": "image"
    },
    {
      "id": 61,
      "javab": "2YXYrtiq2KfYsQ==",
      "resolved": false,
      "resources": "level_61.jpg",
      "thumbnail": "level_61.jpg",
      "type": "image"
    },
    {
      "id": 62,
      "javab": "2KfYqtmI2YXYqNuM2YQ=",
      "resolved": false,
      "resources": "level_62.jpg",
      "thumbnail": "level_62.jpg",
      "type": "image"
    },
    {
      "id": 63,
      "javab": "2LHZiNiv2LHYqNin24zYs9iq24w=",
      "resolved": false,
      "resources": "level_63.jpg",
      "thumbnail": "level_63.jpg",
      "type": "image"
    },
    {
      "id": 64,
      "javab": "2K/Ys9iqINmH2KfbjC7YotmE2YjYr9mH",
      "resolved": false,
      "resources": "level_64.jpg",
      "thumbnail": "level_64.jpg",
      "type": "image"
    },
    {
      "id": 65,
      "javab": "2YfZgdiq2KrbjNix2qnYtA==",
      "resolved": false,
      "resources": "level_65.jpg",
      "thumbnail": "level_65.jpg",
      "type": "image"
    },
    {
      "id": 66,
      "javab": "2q/ZiNix2K7YsQ==",
      "resolved": false,
      "resources": "level_66.jpg",
      "thumbnail": "level_66.jpg",
      "type": "image"
    },
    {
      "id": 67,
      "javab": "2obYtNmFINin2YbYr9in2LIu2LLbjNio2Kc=",
      "resolved": false,
      "resources": "level_67.jpg",
      "thumbnail": "level_67.jpg",
      "type": "image"
    },
    {
      "id": 68,
      "javab": "2YTZiNin2LTaqQ==",
      "resolved": false,
      "resources": "level_68.jpg",
      "thumbnail": "level_68.jpg",
      "type": "image"
    },
    {
      "id": 69,
      "javab": "2K7Ysdin2Kgg2qnYsdiv2YY=",
      "resolved": false,
      "resources": "level_69.jpg",
      "thumbnail": "level_69.jpg",
      "type": "image"
    },
    {
      "id": 70,
      "javab": "2YXZhNuM2qnYpw==",
      "resolved": false,
      "resources": "level_70.jpg",
      "thumbnail": "level_70.jpg",
      "type": "image"
    },
    {
      "id": 71,
      "javab": "2LPbjNin2LPYqiDZh9in24wu2LrZhNi3",
      "resolved": false,
      "resources": "level_71.jpg",
      "thumbnail": "level_71.jpg",
      "type": "image"
    },
    {
      "id": 72,
      "javab": "2KjYp9io2KfZgtmI2LHbjA==",
      "resolved": false,
      "resources": "level_72.jpg",
      "thumbnail": "level_72.jpg",
      "type": "image"
    },
    {
      "id": 73,
      "javab": "2YXYp9mH24zYqtin2KjZhw==",
      "resolved": false,
      "resources": "level_73.jpg",
      "thumbnail": "level_73.jpg",
      "type": "image"
    },
    {
      "id": 74,
      "javab": "2YXYtdmF2YU=",
      "resolved": false,
      "resources": "level_74.jpg",
      "thumbnail": "level_74.jpg",
      "type": "image"
    },
    {
      "id": 75,
      "javab": "2qnZgSDar9ix2q/bjA==",
      "resolved": false,
      "resources": "level_75.jpg",
      "thumbnail": "level_75.jpg",
      "type": "image"
    },
    {
      "id": 76,
      "javab": "2KjZiNix2KfZhtuMLtio2KfYr9mF2KzYp9mG",
      "resolved": false,
      "resources": "level_76.jpg",
      "thumbnail": "level_76.jpg",
      "type": "image"
    },
    {
      "id": 77,
      "javab": "2KrZh9mI24zZhyDZh9mI2Kc==",
      "resolved": false,
      "resources": "level_77.jpg",
      "thumbnail": "level_77.jpg",
      "type": "image"
    },
    {
      "id": 78,
      "javab": "2YbYqNin2KrYp9iq",
      "resolved": false,
      "resources": "level_78.jpg",
      "thumbnail": "level_78.jpg",
      "type": "image"
    },
    {
      "id": 79,
      "javab": "2LPZhdmG2KfZhg==",
      "resolved": false,
      "resources": "level_79.jpg",
      "thumbnail": "level_79.jpg",
      "type": "image"
    },
    {
      "id": 80,
      "javab": "2KjYtduM2LHYqg==",
      "resolved": false,
      "resources": "level_80.jpg",
      "thumbnail": "level_80.jpg",
      "type": "image"
    },
    {
      "id": 81,
      "javab": "2YXYsdqp2KjYp9iq",
      "resolved": false,
      "resources": "level_81.jpg",
      "thumbnail": "level_81.jpg",
      "type": "image"
    },
    {
      "id": 82,
      "javab": "2LXYp9iv2YLYp9mG2Yc=",
      "resolved": false,
      "resources": "level_82.jpg",
      "thumbnail": "level_82.jpg",
      "type": "image"
    },
    {
      "id": 83,
      "javab": "2LHYstmI2YXZhw==",
      "resolved": false,
      "resources": "level_83.jpg",
      "thumbnail": "level_83.jpg",
      "type": "image"
    },
    {
      "id": 84,
      "javab": "2LPYsdm+24zahtuM",
      "resolved": false,
      "resources": "level_84.jpg",
      "thumbnail": "level_84.jpg",
      "type": "image"
    },
    {
      "id": 85,
      "javab": "2LPZhNin2YUg2KfYsiDZhdin2LPYqg==",
      "resolved": false,
      "resources": "level_85.jpg",
      "thumbnail": "level_85.jpg",
      "type": "image"
    },
    {
      "id": 86,
      "javab": "2LTYsdqp2Ko=",
      "resolved": false,
      "resources": "level_86.jpg",
      "thumbnail": "level_86.jpg",
      "type": "image"
    },
    {
      "id": 87,
      "javab": "2LTbjNixINiv2LHZhtiv2Yc=",
      "resolved": false,
      "resources": "level_87.jpg",
      "thumbnail": "level_87.jpg",
      "type": "image"
    },
    {
      "id": 88,
      "javab": "2K7Yp9qp2LTbjNix",
      "resolved": false,
      "resources": "level_88.jpg",
      "thumbnail": "level_88.jpg",
      "type": "image"
    },
    {
      "id": 89,
      "javab": "2YbYrtin2YTZhw==",
      "resolved": false,
      "resources": "level_89.jpg",
      "thumbnail": "level_89.jpg",
      "type": "image"
    },
    {
      "id": 90,
      "javab": "2YXYrdiv2YjYrw==",
      "resolved": false,
      "resources": "level_90.jpg",
      "thumbnail": "level_90.jpg",
      "type": "image"
    },
    {
      "id": 91,
      "javab": "2LPYp9mC2Ycg2LfZhNin24zbjA==",
      "resolved": false,
      "resources": "level_91.jpg",
      "thumbnail": "level_91.jpg",
      "type": "image"
    },
    {
      "id": 92,
      "javab": "2LPYsdmG2LTbjNmG",
      "resolved": false,
      "resources": "level_92.jpg",
      "thumbnail": "level_92.jpg",
      "type": "image"
    },
    {
      "id": 93,
      "javab": "2KrZhNin2LfZhQ==",
      "resolved": false,
      "resources": "level_93.jpg",
      "thumbnail": "level_93.jpg",
      "type": "image"
    },
    {
      "id": 94,
      "javab": "2qnYsdmFINmF2YjYqNix",
      "resolved": false,
      "resources": "level_94.jpg",
      "thumbnail": "level_94.jpg",
      "type": "image"
    },
    {
      "id": 95,
      "javab": "2KrYqNi12LHZhw==",
      "resolved": false,
      "resources": "level_95.jpg",
      "thumbnail": "level_95.jpg",
      "type": "image"
    }
  ]
}
